state,year,month,price_received
ILLINOIS,2022,8,4.78
ILLINOIS,2022,12,5.06
ILLINOIS,2017,9,3.55
ILLINOIS,2016,6,2.73
ILLINOIS,2016,7,2.5
ILLINOIS,2016,8,1.79
ILLINOIS,2015,8,2.31
ILLINOIS,2014,9,4.16
ILLINOIS,2013,7,4.28
ILLINOIS,2013,8,3.83
ILLINOIS,2012,8,3.99
ILLINOIS,2011,4,4.36
ILLINOIS,2011,7,3.13
ILLINOIS,2010,4,2.97
ILLINOIS,2010,5,2.96
ILLINOIS,2010,8,2.81
ILLINOIS,2009,8,2.8
ILLINOIS,2007,3,3.03
ILLINOIS,2006,1,2.09
ILLINOIS,2006,2,2.06
ILLINOIS,2006,6,2.25
ILLINOIS,2006,7,1.95
ILLINOIS,2006,8,1.75
ILLINOIS,2005,3,1.94
ILLINOIS,2005,6,2.2
ILLINOIS,2005,7,1.77
ILLINOIS,2005,8,1.84
ILLINOIS,2005,9,1.6
ILLINOIS,2004,4,1.8
ILLINOIS,2004,7,1.46
ILLINOIS,2004,8,1.33
ILLINOIS,2004,9,1.55
ILLINOIS,2004,12,1.54
ILLINOIS,2003,5,1.96
ILLINOIS,2003,7,1.38
ILLINOIS,2003,8,1.3
ILLINOIS,2003,9,1.81
ILLINOIS,2003,10,2.02
ILLINOIS,2003,11,1.48
ILLINOIS,2003,12,1.89
ILLINOIS,2002,1,2.31
ILLINOIS,2002,2,2.01
ILLINOIS,2002,3,2.01
ILLINOIS,2002,4,2.22
ILLINOIS,2002,5,2.0
ILLINOIS,2002,6,1.96
ILLINOIS,2002,7,1.82
ILLINOIS,2002,8,1.77
ILLINOIS,2002,9,1.84
ILLINOIS,2002,10,2.0
ILLINOIS,2001,1,1.5
ILLINOIS,2001,2,1.3
ILLINOIS,2001,3,1.2
ILLINOIS,2001,4,1.45
ILLINOIS,2001,5,1.55
ILLINOIS,2001,6,1.34
ILLINOIS,2001,7,1.34
ILLINOIS,2001,8,1.36
ILLINOIS,2001,9,1.42
ILLINOIS,2001,10,1.75
ILLINOIS,2001,11,2.0
ILLINOIS,2001,12,1.96
ILLINOIS,2000,1,1.3
ILLINOIS,2000,2,1.1
ILLINOIS,2000,3,1.1
ILLINOIS,2000,4,1.45
ILLINOIS,2000,5,1.59
ILLINOIS,2000,6,1.59
ILLINOIS,2000,7,1.33
ILLINOIS,2000,8,1.08
ILLINOIS,2000,9,1.35
ILLINOIS,2000,10,1.55
ILLINOIS,2000,11,1.5
ILLINOIS,2000,12,1.5
IOWA,2022,1,4.59
IOWA,2022,2,6.48
IOWA,2022,3,6.32
IOWA,2022,4,5.94
IOWA,2022,6,6.31
IOWA,2022,7,6.08
IOWA,2022,8,5.32
IOWA,2022,9,5.26
IOWA,2021,1,3.75
IOWA,2021,2,3.87
IOWA,2021,3,4.19
IOWA,2021,4,3.55
IOWA,2021,5,3.44
IOWA,2021,6,3.67
IOWA,2021,7,3.69
IOWA,2021,8,3.84
IOWA,2021,9,4.18
IOWA,2021,10,5.46
IOWA,2021,11,4.22
IOWA,2021,12,5.75
IOWA,2020,1,4.17
IOWA,2020,2,3.18
IOWA,2020,3,4.05
IOWA,2020,4,3.51
IOWA,2020,5,3.91
IOWA,2020,6,3.85
IOWA,2020,7,3.2
IOWA,2020,8,2.93
IOWA,2020,9,3.13
IOWA,2020,10,2.81
IOWA,2020,12,3.42
IOWA,2019,1,3.82
IOWA,2019,2,3.94
IOWA,2019,3,3.8
IOWA,2019,4,3.38
IOWA,2019,5,3.46
IOWA,2019,6,3.71
IOWA,2019,7,3.6
IOWA,2019,8,3.25
IOWA,2019,9,3.38
IOWA,2019,10,3.46
IOWA,2019,11,3.73
IOWA,2019,12,3.7
IOWA,2018,1,2.75
IOWA,2018,2,3.18
IOWA,2018,3,3.1
IOWA,2018,4,2.78
IOWA,2018,5,2.94
IOWA,2018,6,2.67
IOWA,2018,7,2.37
IOWA,2018,8,2.7
IOWA,2018,9,2.73
IOWA,2018,10,2.89
IOWA,2018,11,3.61
IOWA,2018,12,3.42
IOWA,2017,1,3.0
IOWA,2017,2,3.08
IOWA,2017,3,3.2
IOWA,2017,4,2.95
IOWA,2017,5,2.96
IOWA,2017,6,3.21
IOWA,2017,7,2.52
IOWA,2017,8,2.37
IOWA,2017,9,2.52
IOWA,2017,10,2.79
IOWA,2017,11,3.16
IOWA,2017,12,3.13
IOWA,2016,1,2.62
IOWA,2016,2,2.41
IOWA,2016,3,2.83
IOWA,2016,4,2.54
IOWA,2016,5,2.53
IOWA,2016,6,2.44
IOWA,2016,7,2.32
IOWA,2016,8,2.37
IOWA,2016,9,2.42
IOWA,2016,10,2.27
IOWA,2016,11,2.44
IOWA,2016,12,2.63
IOWA,2015,1,3.77
IOWA,2015,2,4.26
IOWA,2015,3,3.27
IOWA,2015,4,3.62
IOWA,2015,5,2.98
IOWA,2015,6,3.46
IOWA,2015,7,2.55
IOWA,2015,8,2.5
IOWA,2015,9,2.62
IOWA,2015,10,3.11
IOWA,2015,11,2.71
IOWA,2015,12,2.64
IOWA,2014,1,4.05
IOWA,2014,2,5.17
IOWA,2014,3,4.92
IOWA,2014,4,4.81
IOWA,2014,5,4.95
IOWA,2014,6,4.18
IOWA,2014,7,3.95
IOWA,2014,8,3.47
IOWA,2014,9,3.15
IOWA,2014,10,3.39
IOWA,2014,11,3.37
IOWA,2014,12,3.76
IOWA,2013,1,3.84
IOWA,2013,2,4.03
IOWA,2013,3,4.63
IOWA,2013,4,4.85
IOWA,2013,5,4.66
IOWA,2013,6,4.5
IOWA,2013,7,3.7
IOWA,2013,8,3.71
IOWA,2013,9,4.02
IOWA,2013,10,3.84
IOWA,2013,11,4.18
IOWA,2013,12,4.03
IOWA,2012,1,3.51
IOWA,2012,2,3.61
IOWA,2012,3,3.63
IOWA,2012,4,4.02
IOWA,2012,5,4.04
IOWA,2012,6,3.78
IOWA,2012,7,3.78
IOWA,2012,8,3.82
IOWA,2012,9,3.93
IOWA,2012,10,4.0
IOWA,2012,11,4.2
IOWA,2012,12,4.15
IOWA,2011,1,3.76
IOWA,2011,2,2.95
IOWA,2011,3,3.17
IOWA,2011,4,3.76
IOWA,2011,5,3.56
IOWA,2011,6,3.72
IOWA,2011,7,3.18
IOWA,2011,8,3.2
IOWA,2011,9,3.73
IOWA,2011,10,3.59
IOWA,2011,11,3.73
IOWA,2011,12,4.23
IOWA,2010,1,2.08
IOWA,2010,2,3.05
IOWA,2010,3,1.97
IOWA,2010,4,2.38
IOWA,2010,5,2.24
IOWA,2010,6,2.3
IOWA,2010,7,2.27
IOWA,2010,8,2.3
IOWA,2010,9,2.18
IOWA,2010,10,2.27
IOWA,2010,11,2.97
IOWA,2010,12,3.61
IOWA,2009,1,2.89
IOWA,2009,2,2.78
IOWA,2009,3,3.07
IOWA,2009,4,2.62
IOWA,2009,5,2.87
IOWA,2009,6,2.82
IOWA,2009,7,1.89
IOWA,2009,8,1.94
IOWA,2009,9,1.86
IOWA,2009,10,1.9
IOWA,2009,11,1.85
IOWA,2009,12,1.86
IOWA,2008,1,2.71
IOWA,2008,2,3.98
IOWA,2008,3,3.7
IOWA,2008,4,3.97
IOWA,2008,5,3.96
IOWA,2008,6,3.39
IOWA,2008,7,3.59
IOWA,2008,8,3.33
IOWA,2008,9,3.71
IOWA,2008,10,3.33
IOWA,2008,11,2.58
IOWA,2008,12,3.36
IOWA,2007,1,2.48
IOWA,2007,2,2.72
IOWA,2007,3,2.72
IOWA,2007,4,2.88
IOWA,2007,5,2.79
IOWA,2007,6,2.71
IOWA,2007,7,2.57
IOWA,2007,8,2.43
IOWA,2007,9,2.63
IOWA,2007,10,2.61
IOWA,2007,11,2.82
IOWA,2007,12,3.16
IOWA,2006,1,1.93
IOWA,2006,2,1.87
IOWA,2006,3,1.99
IOWA,2006,4,1.79
IOWA,2006,5,1.88
IOWA,2006,6,1.9
IOWA,2006,7,1.79
IOWA,2006,8,1.81
IOWA,2006,9,1.63
IOWA,2006,10,1.76
IOWA,2006,11,2.17
IOWA,2006,12,1.99
IOWA,2005,1,1.76
IOWA,2005,2,1.9
IOWA,2005,3,1.94
IOWA,2005,4,1.84
IOWA,2005,5,1.7
IOWA,2005,6,1.74
IOWA,2005,7,1.69
IOWA,2005,8,1.63
IOWA,2005,9,1.51
IOWA,2005,10,1.63
IOWA,2005,11,1.85
IOWA,2004,1,1.62
IOWA,2004,2,1.84
IOWA,2004,3,1.86
IOWA,2004,4,1.72
IOWA,2004,5,1.86
IOWA,2004,6,1.8
IOWA,2004,7,1.39
IOWA,2004,8,1.34
IOWA,2004,9,1.41
IOWA,2004,10,1.51
IOWA,2004,11,1.42
IOWA,2004,12,1.69
IOWA,2003,1,2.13
IOWA,2003,2,2.2
IOWA,2003,3,2.21
IOWA,2003,4,2.03
IOWA,2003,5,1.99
IOWA,2003,6,1.75
IOWA,2003,7,1.49
IOWA,2003,8,1.45
IOWA,2003,9,1.49
IOWA,2003,10,1.75
IOWA,2003,11,1.57
IOWA,2003,12,1.59
IOWA,2002,1,2.06
IOWA,2002,2,1.87
IOWA,2002,3,2.2
IOWA,2002,4,2.0
IOWA,2002,5,2.2
IOWA,2002,6,2.07
IOWA,2002,7,1.67
IOWA,2002,8,1.77
IOWA,2002,9,1.72
IOWA,2002,10,1.89
IOWA,2002,11,1.83
IOWA,2002,12,1.93
IOWA,2001,1,1.39
IOWA,2001,2,1.41
IOWA,2001,3,1.4
IOWA,2001,4,1.57
IOWA,2001,5,1.49
IOWA,2001,6,1.6
IOWA,2001,7,1.29
IOWA,2001,8,1.36
IOWA,2001,9,1.56
IOWA,2001,10,1.65
IOWA,2001,11,1.85
IOWA,2001,12,1.84
IOWA,2000,1,1.42
IOWA,2000,2,1.45
IOWA,2000,3,1.5
IOWA,2000,4,1.49
IOWA,2000,5,1.4
IOWA,2000,6,1.47
IOWA,2000,7,1.08
IOWA,2000,8,0.93
IOWA,2000,9,1.17
IOWA,2000,10,1.24
IOWA,2000,11,1.43
IOWA,2000,12,1.4
KANSAS,2022,7,5.51
KANSAS,2022,8,3.91
KANSAS,2022,9,5.04
KANSAS,2009,2,2.67
KANSAS,2009,3,2.22
KANSAS,2009,4,2.3
KANSAS,2009,5,2.98
KANSAS,2009,6,2.86
KANSAS,2009,7,1.94
KANSAS,2008,2,2.96
KANSAS,2008,3,2.74
KANSAS,2008,6,3.6
KANSAS,2008,7,3.15
KANSAS,2008,8,2.8
KANSAS,2008,9,2.62
KANSAS,2008,11,3.25
KANSAS,2007,1,2.03
KANSAS,2007,2,2.64
KANSAS,2007,3,2.8
KANSAS,2007,4,2.94
KANSAS,2007,5,2.86
KANSAS,2007,6,2.81
KANSAS,2007,7,2.41
KANSAS,2007,8,2.95
KANSAS,2007,9,2.82
KANSAS,2007,12,2.93
KANSAS,2006,1,1.46
KANSAS,2006,2,1.36
KANSAS,2006,3,1.87
KANSAS,2006,4,1.55
KANSAS,2006,5,1.77
KANSAS,2006,6,1.76
KANSAS,2006,7,1.57
KANSAS,2006,8,1.98
KANSAS,2006,9,1.66
KANSAS,2006,10,1.69
KANSAS,2005,6,1.5
KANSAS,2005,7,1.17
KANSAS,2005,8,1.23
KANSAS,2005,9,1.18
KANSAS,2005,11,1.68
KANSAS,2005,12,1.64
MICHIGAN,2022,1,5.02
MICHIGAN,2022,2,4.81
MICHIGAN,2022,5,7.0
MICHIGAN,2022,8,4.64
MICHIGAN,2022,9,4.46
MICHIGAN,2022,10,4.87
MICHIGAN,2022,12,4.49
MICHIGAN,2021,2,3.45
MICHIGAN,2021,3,4.45
MICHIGAN,2021,4,3.94
MICHIGAN,2021,6,3.27
MICHIGAN,2021,7,3.84
MICHIGAN,2021,8,3.46
MICHIGAN,2021,9,3.27
MICHIGAN,2021,10,3.66
MICHIGAN,2021,12,5.4
MICHIGAN,2020,1,4.24
MICHIGAN,2020,3,3.86
MICHIGAN,2020,4,4.06
MICHIGAN,2020,6,4.1
MICHIGAN,2020,7,3.01
MICHIGAN,2020,8,2.67
MICHIGAN,2020,9,3.23
MICHIGAN,2020,10,3.07
MICHIGAN,2020,11,3.38
MICHIGAN,2020,12,2.78
MICHIGAN,2019,1,3.85
MICHIGAN,2019,2,3.62
MICHIGAN,2019,3,3.68
MICHIGAN,2019,4,3.8
MICHIGAN,2019,5,3.75
MICHIGAN,2019,7,3.78
MICHIGAN,2019,8,3.24
MICHIGAN,2019,9,3.11
MICHIGAN,2019,10,2.76
MICHIGAN,2019,11,3.68
MICHIGAN,2018,1,3.14
MICHIGAN,2018,2,3.12
MICHIGAN,2018,3,3.3
MICHIGAN,2018,4,3.48
MICHIGAN,2018,5,3.46
MICHIGAN,2018,6,3.27
MICHIGAN,2018,7,3.29
MICHIGAN,2018,8,2.99
MICHIGAN,2018,9,3.43
MICHIGAN,2018,10,3.44
MICHIGAN,2018,11,3.59
MICHIGAN,2018,12,3.41
MICHIGAN,2017,1,2.68
MICHIGAN,2017,2,2.79
MICHIGAN,2017,3,2.91
MICHIGAN,2017,4,2.64
MICHIGAN,2017,5,2.74
MICHIGAN,2017,6,3.02
MICHIGAN,2017,7,3.35
MICHIGAN,2017,8,2.54
MICHIGAN,2017,9,2.87
MICHIGAN,2017,10,2.98
MICHIGAN,2017,11,3.22
MICHIGAN,2017,12,3.11
MICHIGAN,2016,1,2.53
MICHIGAN,2016,3,2.1
MICHIGAN,2016,4,1.94
MICHIGAN,2016,5,2.29
MICHIGAN,2016,7,2.21
MICHIGAN,2016,8,1.77
MICHIGAN,2016,9,2.08
MICHIGAN,2016,10,1.55
MICHIGAN,2015,3,3.25
MICHIGAN,2015,4,3.28
MICHIGAN,2015,7,2.66
MICHIGAN,2015,8,1.91
MICHIGAN,2015,9,1.93
MICHIGAN,2015,10,1.89
MICHIGAN,2015,11,1.84
MICHIGAN,2014,1,3.49
MICHIGAN,2014,2,3.84
MICHIGAN,2014,3,4.74
MICHIGAN,2014,4,4.26
MICHIGAN,2014,5,3.45
MICHIGAN,2014,6,3.54
MICHIGAN,2014,7,4.09
MICHIGAN,2014,8,3.55
MICHIGAN,2014,9,3.33
MICHIGAN,2014,10,3.26
MICHIGAN,2014,11,3.27
MICHIGAN,2013,1,4.32
MICHIGAN,2013,5,4.38
MICHIGAN,2013,8,3.51
MICHIGAN,2013,9,3.28
MICHIGAN,2013,10,3.25
MICHIGAN,2013,12,2.82
MICHIGAN,2012,1,4.11
MICHIGAN,2012,3,3.77
MICHIGAN,2012,4,4.52
MICHIGAN,2012,5,4.46
MICHIGAN,2012,7,4.23
MICHIGAN,2012,8,4.12
MICHIGAN,2012,10,4.05
MICHIGAN,2012,12,4.14
MICHIGAN,2011,1,3.74
MICHIGAN,2011,2,3.79
MICHIGAN,2011,3,3.34
MICHIGAN,2011,4,3.8
MICHIGAN,2011,5,4.31
MICHIGAN,2011,6,4.06
MICHIGAN,2011,7,3.46
MICHIGAN,2011,8,3.27
MICHIGAN,2011,9,3.52
MICHIGAN,2011,10,4.16
MICHIGAN,2011,11,4.16
MICHIGAN,2010,1,2.53
MICHIGAN,2010,2,2.66
MICHIGAN,2010,3,2.63
MICHIGAN,2010,4,2.87
MICHIGAN,2010,5,2.84
MICHIGAN,2010,6,2.67
MICHIGAN,2010,7,2.29
MICHIGAN,2010,8,2.21
MICHIGAN,2010,9,2.37
MICHIGAN,2010,10,2.67
MICHIGAN,2010,11,2.99
MICHIGAN,2010,12,3.17
MICHIGAN,2009,1,4.19
MICHIGAN,2009,2,3.54
MICHIGAN,2009,3,2.61
MICHIGAN,2009,4,3.04
MICHIGAN,2009,5,2.69
MICHIGAN,2009,6,3.14
MICHIGAN,2009,7,2.63
MICHIGAN,2009,8,2.08
MICHIGAN,2009,9,2.1
MICHIGAN,2009,10,2.17
MICHIGAN,2009,11,2.2
MICHIGAN,2009,12,2.56
MICHIGAN,2008,1,3.53
MICHIGAN,2008,2,3.67
MICHIGAN,2008,3,4.19
MICHIGAN,2008,4,3.98
MICHIGAN,2008,5,4.2
MICHIGAN,2008,6,4.01
MICHIGAN,2008,7,3.93
MICHIGAN,2008,8,3.52
MICHIGAN,2008,9,3.28
MICHIGAN,2008,10,3.39
MICHIGAN,2008,11,3.45
MICHIGAN,2008,12,2.91
MICHIGAN,2007,1,1.93
MICHIGAN,2007,2,2.43
MICHIGAN,2007,3,2.59
MICHIGAN,2007,4,2.49
MICHIGAN,2007,5,2.61
MICHIGAN,2007,6,2.67
MICHIGAN,2007,7,2.51
MICHIGAN,2007,8,2.47
MICHIGAN,2007,9,2.81
MICHIGAN,2007,10,2.86
MICHIGAN,2007,11,3.45
MICHIGAN,2007,12,3.13
MICHIGAN,2006,1,1.82
MICHIGAN,2006,2,1.89
MICHIGAN,2006,3,1.93
MICHIGAN,2006,4,2.01
MICHIGAN,2006,5,2.0
MICHIGAN,2006,6,1.87
MICHIGAN,2006,7,1.83
MICHIGAN,2006,8,1.7
MICHIGAN,2006,9,1.68
MICHIGAN,2006,10,1.88
MICHIGAN,2006,11,2.26
MICHIGAN,2006,12,1.99
MICHIGAN,2005,1,2.21
MICHIGAN,2005,2,2.15
MICHIGAN,2005,3,2.23
MICHIGAN,2005,4,2.12
MICHIGAN,2005,5,2.01
MICHIGAN,2005,6,1.65
MICHIGAN,2005,7,2.06
MICHIGAN,2005,8,1.75
MICHIGAN,2005,9,1.81
MICHIGAN,2005,10,1.88
MICHIGAN,2005,11,1.81
MICHIGAN,2005,12,2.12
MICHIGAN,2004,1,1.88
MICHIGAN,2004,3,2.07
MICHIGAN,2004,4,2.07
MICHIGAN,2004,5,2.07
MICHIGAN,2004,6,2.09
MICHIGAN,2004,7,1.66
MICHIGAN,2004,8,1.55
MICHIGAN,2004,9,1.6
MICHIGAN,2004,10,1.49
MICHIGAN,2004,11,1.96
MICHIGAN,2004,12,2.1
MICHIGAN,2003,1,1.97
MICHIGAN,2003,2,1.84
MICHIGAN,2003,3,2.39
MICHIGAN,2003,4,2.15
MICHIGAN,2003,5,2.13
MICHIGAN,2003,6,2.22
MICHIGAN,2003,7,1.79
MICHIGAN,2003,8,1.53
MICHIGAN,2003,9,1.52
MICHIGAN,2003,10,1.51
MICHIGAN,2003,11,1.63
MICHIGAN,2003,12,1.96
MICHIGAN,2002,1,2.32
MICHIGAN,2002,2,1.99
MICHIGAN,2002,3,2.03
MICHIGAN,2002,4,2.49
MICHIGAN,2002,5,2.34
MICHIGAN,2002,6,2.3
MICHIGAN,2002,7,1.8
MICHIGAN,2002,8,1.7
MICHIGAN,2002,9,1.66
MICHIGAN,2002,10,1.6
MICHIGAN,2002,11,1.64
MICHIGAN,2002,12,1.82
MICHIGAN,2001,1,1.47
MICHIGAN,2001,2,1.42
MICHIGAN,2001,3,1.62
MICHIGAN,2001,4,1.29
MICHIGAN,2001,5,1.49
MICHIGAN,2001,6,1.47
MICHIGAN,2001,7,1.4
MICHIGAN,2001,8,1.36
MICHIGAN,2001,9,1.46
MICHIGAN,2001,10,1.57
MICHIGAN,2001,11,1.8
MICHIGAN,2001,12,2.1
MICHIGAN,2000,1,1.5
MICHIGAN,2000,2,1.42
MICHIGAN,2000,3,1.42
MICHIGAN,2000,4,1.42
MICHIGAN,2000,5,1.6
MICHIGAN,2000,6,1.44
MICHIGAN,2000,7,1.33
MICHIGAN,2000,8,1.13
MICHIGAN,2000,9,1.15
MICHIGAN,2000,10,1.35
MICHIGAN,2000,11,1.54
MICHIGAN,2000,12,1.36
MINNESOTA,2022,1,5.27
MINNESOTA,2022,2,5.69
MINNESOTA,2022,3,5.91
MINNESOTA,2022,4,6.62
MINNESOTA,2022,5,6.08
MINNESOTA,2022,6,6.13
MINNESOTA,2022,7,5.41
MINNESOTA,2022,8,4.75
MINNESOTA,2022,9,4.32
MINNESOTA,2022,10,4.25
MINNESOTA,2022,11,4.26
MINNESOTA,2022,12,4.69
MINNESOTA,2021,1,2.42
MINNESOTA,2021,2,2.89
MINNESOTA,2021,3,3.15
MINNESOTA,2021,4,3.55
MINNESOTA,2021,5,2.98
MINNESOTA,2021,6,3.16
MINNESOTA,2021,7,3.67
MINNESOTA,2021,8,3.34
MINNESOTA,2021,9,3.76
MINNESOTA,2021,10,4.51
MINNESOTA,2021,11,5.14
MINNESOTA,2021,12,5.66
MINNESOTA,2020,1,2.61
MINNESOTA,2020,2,2.64
MINNESOTA,2020,3,2.61
MINNESOTA,2020,4,2.69
MINNESOTA,2020,5,2.73
MINNESOTA,2020,6,2.9
MINNESOTA,2020,7,2.75
MINNESOTA,2020,8,2.52
MINNESOTA,2020,9,2.22
MINNESOTA,2020,10,2.3
MINNESOTA,2020,11,2.6
MINNESOTA,2020,12,2.48
MINNESOTA,2019,2,2.57
MINNESOTA,2019,3,2.71
MINNESOTA,2019,4,3.11
MINNESOTA,2019,5,2.95
MINNESOTA,2019,6,3.41
MINNESOTA,2019,7,3.13
MINNESOTA,2019,8,2.78
MINNESOTA,2019,9,2.26
MINNESOTA,2019,10,2.41
MINNESOTA,2019,11,2.5
MINNESOTA,2019,12,2.37
MINNESOTA,2018,1,2.11
MINNESOTA,2018,2,2.41
MINNESOTA,2018,3,2.29
MINNESOTA,2018,4,2.31
MINNESOTA,2018,5,2.39
MINNESOTA,2018,6,2.44
MINNESOTA,2018,7,2.47
MINNESOTA,2018,8,2.18
MINNESOTA,2018,9,2.34
MINNESOTA,2018,10,2.51
MINNESOTA,2018,11,2.6
MINNESOTA,2018,12,2.35
MINNESOTA,2017,1,2.06
MINNESOTA,2017,2,2.07
MINNESOTA,2017,3,2.19
MINNESOTA,2017,4,2.12
MINNESOTA,2017,5,2.13
MINNESOTA,2017,6,2.14
MINNESOTA,2017,7,2.17
MINNESOTA,2017,8,2.06
MINNESOTA,2017,9,2.05
MINNESOTA,2017,10,2.09
MINNESOTA,2017,11,2.16
MINNESOTA,2017,12,1.97
MINNESOTA,2016,1,2.31
MINNESOTA,2016,2,1.9
MINNESOTA,2016,3,2.02
MINNESOTA,2016,4,1.79
MINNESOTA,2016,5,1.98
MINNESOTA,2016,6,1.82
MINNESOTA,2016,7,1.83
MINNESOTA,2016,8,2.0
MINNESOTA,2016,9,2.13
MINNESOTA,2016,10,2.35
MINNESOTA,2016,11,1.89
MINNESOTA,2016,12,2.14
MINNESOTA,2015,1,3.08
MINNESOTA,2015,2,2.97
MINNESOTA,2015,3,3.08
MINNESOTA,2015,4,2.94
MINNESOTA,2015,5,2.61
MINNESOTA,2015,6,2.88
MINNESOTA,2015,7,2.21
MINNESOTA,2015,8,2.01
MINNESOTA,2015,9,1.94
MINNESOTA,2015,10,1.88
MINNESOTA,2015,11,2.39
MINNESOTA,2015,12,2.12
MINNESOTA,2014,1,3.55
MINNESOTA,2014,2,3.77
MINNESOTA,2014,3,3.96
MINNESOTA,2014,4,3.87
MINNESOTA,2014,5,3.87
MINNESOTA,2014,6,3.94
MINNESOTA,2014,7,3.72
MINNESOTA,2014,8,3.33
MINNESOTA,2014,9,3.0
MINNESOTA,2014,10,3.12
MINNESOTA,2014,11,3.0
MINNESOTA,2014,12,2.89
MINNESOTA,2013,1,3.69
MINNESOTA,2013,2,4.02
MINNESOTA,2013,3,4.35
MINNESOTA,2013,4,3.89
MINNESOTA,2013,5,3.97
MINNESOTA,2013,6,3.92
MINNESOTA,2013,7,4.11
MINNESOTA,2013,8,3.85
MINNESOTA,2013,9,3.43
MINNESOTA,2013,10,3.68
MINNESOTA,2013,11,3.09
MINNESOTA,2013,12,3.31
MINNESOTA,2012,1,3.26
MINNESOTA,2012,2,3.4
MINNESOTA,2012,3,3.53
MINNESOTA,2012,4,3.61
MINNESOTA,2012,5,3.59
MINNESOTA,2012,6,3.63
MINNESOTA,2012,7,3.59
MINNESOTA,2012,8,3.56
MINNESOTA,2012,9,3.54
MINNESOTA,2012,10,3.57
MINNESOTA,2012,11,3.79
MINNESOTA,2012,12,3.63
MINNESOTA,2011,1,2.87
MINNESOTA,2011,2,3.12
MINNESOTA,2011,3,3.09
MINNESOTA,2011,4,3.17
MINNESOTA,2011,5,3.18
MINNESOTA,2011,6,3.22
MINNESOTA,2011,7,3.13
MINNESOTA,2011,8,2.94
MINNESOTA,2011,9,3.1
MINNESOTA,2011,10,3.12
MINNESOTA,2011,11,3.23
MINNESOTA,2011,12,3.44
MINNESOTA,2010,1,2.07
MINNESOTA,2010,2,1.98
MINNESOTA,2010,3,2.33
MINNESOTA,2010,4,1.89
MINNESOTA,2010,5,1.7
MINNESOTA,2010,6,1.98
MINNESOTA,2010,7,2.05
MINNESOTA,2010,8,2.05
MINNESOTA,2010,9,2.15
MINNESOTA,2010,10,2.19
MINNESOTA,2010,11,2.57
MINNESOTA,2010,12,2.73
MINNESOTA,2009,1,2.14
MINNESOTA,2009,2,1.96
MINNESOTA,2009,3,1.9
MINNESOTA,2009,4,2.02
MINNESOTA,2009,5,2.13
MINNESOTA,2009,6,2.07
MINNESOTA,2009,7,1.69
MINNESOTA,2009,8,1.74
MINNESOTA,2009,9,1.59
MINNESOTA,2009,10,1.74
MINNESOTA,2009,11,1.98
MINNESOTA,2009,12,1.96
MINNESOTA,2008,1,2.59
MINNESOTA,2008,2,3.03
MINNESOTA,2008,3,3.18
MINNESOTA,2008,4,3.26
MINNESOTA,2008,5,3.38
MINNESOTA,2008,6,3.34
MINNESOTA,2008,7,3.13
MINNESOTA,2008,8,2.95
MINNESOTA,2008,9,2.71
MINNESOTA,2008,10,2.42
MINNESOTA,2008,11,2.24
MINNESOTA,2008,12,2.17
MINNESOTA,2007,1,2.12
MINNESOTA,2007,2,2.2
MINNESOTA,2007,3,2.34
MINNESOTA,2007,4,2.56
MINNESOTA,2007,5,2.58
MINNESOTA,2007,6,2.38
MINNESOTA,2007,7,2.16
MINNESOTA,2007,8,2.17
MINNESOTA,2007,9,2.17
MINNESOTA,2007,10,2.14
MINNESOTA,2007,11,2.42
MINNESOTA,2007,12,2.56
MINNESOTA,2006,1,1.59
MINNESOTA,2006,2,1.59
MINNESOTA,2006,3,1.56
MINNESOTA,2006,4,1.55
MINNESOTA,2006,5,1.59
MINNESOTA,2006,6,1.69
MINNESOTA,2006,7,1.69
MINNESOTA,2006,8,1.73
MINNESOTA,2006,9,1.69
MINNESOTA,2006,10,1.88
MINNESOTA,2006,11,2.14
MINNESOTA,2006,12,2.15
MINNESOTA,2005,1,1.45
MINNESOTA,2005,2,1.42
MINNESOTA,2005,3,1.55
MINNESOTA,2005,4,1.47
MINNESOTA,2005,5,1.41
MINNESOTA,2005,6,1.47
MINNESOTA,2005,7,1.44
MINNESOTA,2005,8,1.4
MINNESOTA,2005,9,1.46
MINNESOTA,2005,10,1.38
MINNESOTA,2005,11,1.41
MINNESOTA,2005,12,1.5
MINNESOTA,2004,1,1.47
MINNESOTA,2004,2,1.49
MINNESOTA,2004,3,1.67
MINNESOTA,2004,4,1.61
MINNESOTA,2004,5,1.65
MINNESOTA,2004,6,1.58
MINNESOTA,2004,7,1.31
MINNESOTA,2004,8,1.21
MINNESOTA,2004,9,1.33
MINNESOTA,2004,10,1.33
MINNESOTA,2004,11,1.26
MINNESOTA,2004,12,1.45
MINNESOTA,2003,1,2.0
MINNESOTA,2003,2,1.94
MINNESOTA,2003,3,1.85
MINNESOTA,2003,4,1.87
MINNESOTA,2003,5,1.78
MINNESOTA,2003,6,1.59
MINNESOTA,2003,7,1.35
MINNESOTA,2003,8,1.25
MINNESOTA,2003,9,1.3
MINNESOTA,2003,10,1.34
MINNESOTA,2003,11,1.32
MINNESOTA,2003,12,1.43
MINNESOTA,2002,1,1.91
MINNESOTA,2002,2,1.81
MINNESOTA,2002,3,1.91
MINNESOTA,2002,4,1.91
MINNESOTA,2002,5,1.77
MINNESOTA,2002,6,1.91
MINNESOTA,2002,7,1.6
MINNESOTA,2002,8,1.59
MINNESOTA,2002,9,1.6
MINNESOTA,2002,10,1.62
MINNESOTA,2002,11,1.64
MINNESOTA,2002,12,1.82
MINNESOTA,2001,1,1.13
MINNESOTA,2001,2,1.18
MINNESOTA,2001,3,1.13
MINNESOTA,2001,4,1.16
MINNESOTA,2001,5,1.12
MINNESOTA,2001,6,1.09
MINNESOTA,2001,7,1.24
MINNESOTA,2001,8,1.18
MINNESOTA,2001,9,1.26
MINNESOTA,2001,10,1.46
MINNESOTA,2001,11,1.72
MINNESOTA,2001,12,1.83
MINNESOTA,2000,1,1.12
MINNESOTA,2000,2,1.06
MINNESOTA,2000,3,1.07
MINNESOTA,2000,4,1.22
MINNESOTA,2000,5,1.04
MINNESOTA,2000,6,1.19
MINNESOTA,2000,7,0.96
MINNESOTA,2000,8,0.87
MINNESOTA,2000,9,0.84
MINNESOTA,2000,10,0.95
MINNESOTA,2000,11,1.01
MINNESOTA,2000,12,1.05
MONTANA,2020,9,2.79
MONTANA,2013,5,3.55
MONTANA,2012,3,2.97
MONTANA,2011,1,2.62
MONTANA,2011,2,3.13
MONTANA,2011,3,2.52
MONTANA,2011,6,3.04
MONTANA,2010,1,2.44
MONTANA,2010,2,2.54
MONTANA,2010,3,2.53
MONTANA,2010,5,2.39
MONTANA,2010,8,2.06
MONTANA,2010,10,2.3
MONTANA,2009,3,3.14
MONTANA,2009,4,4.01
MONTANA,2009,5,3.08
MONTANA,2009,6,2.31
MONTANA,2009,9,2.71
MONTANA,2009,10,2.62
MONTANA,2009,12,2.53
MONTANA,2008,1,3.06
MONTANA,2008,4,3.72
MONTANA,2008,5,3.44
MONTANA,2008,9,2.89
MONTANA,2008,11,3.28
MONTANA,2008,12,3.22
MONTANA,2007,1,2.84
MONTANA,2007,3,2.32
MONTANA,2007,4,2.32
MONTANA,2007,5,2.49
MONTANA,2007,6,2.41
MONTANA,2007,8,2.18
MONTANA,2007,9,2.62
MONTANA,2007,10,2.34
MONTANA,2006,2,1.62
MONTANA,2006,3,1.71
MONTANA,2006,5,1.45
MONTANA,2006,7,1.63
MONTANA,2006,8,1.85
MONTANA,2006,9,1.89
MONTANA,2006,10,1.83
MONTANA,2006,11,1.96
MONTANA,2006,12,1.93
MONTANA,2005,4,1.74
MONTANA,2005,5,1.92
MONTANA,2005,10,1.81
MONTANA,2004,1,1.64
MONTANA,2004,2,1.66
MONTANA,2004,3,1.6
MONTANA,2004,4,2.03
MONTANA,2004,5,1.67
MONTANA,2004,8,1.56
MONTANA,2004,9,1.76
MONTANA,2004,12,1.73
MONTANA,2003,8,1.73
MONTANA,2003,12,1.57
MONTANA,2002,1,1.96
MONTANA,2002,2,2.16
MONTANA,2002,3,2.27
MONTANA,2002,4,2.5
MONTANA,2002,5,2.22
MONTANA,2002,6,2.24
MONTANA,2002,8,2.18
MONTANA,2002,9,1.87
MONTANA,2002,10,1.98
MONTANA,2002,11,1.85
MONTANA,2002,12,1.76
MONTANA,2001,1,1.07
MONTANA,2001,2,1.03
MONTANA,2001,3,1.15
MONTANA,2001,4,1.1
MONTANA,2001,5,1.57
MONTANA,2001,6,1.55
MONTANA,2001,7,1.6
MONTANA,2001,8,1.28
MONTANA,2001,9,1.44
MONTANA,2001,10,1.87
MONTANA,2001,11,1.99
MONTANA,2001,12,2.07
MONTANA,2000,1,1.09
MONTANA,2000,2,0.97
MONTANA,2000,3,1.01
MONTANA,2000,4,1.15
MONTANA,2000,5,1.15
MONTANA,2000,6,1.07
MONTANA,2000,7,0.98
MONTANA,2000,8,1.06
MONTANA,2000,9,0.94
MONTANA,2000,10,1.11
MONTANA,2000,11,1.12
MONTANA,2000,12,1.08
NEBRASKA,2022,1,6.43
NEBRASKA,2022,4,7.62
NEBRASKA,2022,7,6.12
NEBRASKA,2022,8,6.31
NEBRASKA,2022,10,6.49
NEBRASKA,2021,1,3.75
NEBRASKA,2021,7,3.86
NEBRASKA,2021,8,4.16
NEBRASKA,2021,9,4.66
NEBRASKA,2020,1,3.35
NEBRASKA,2020,4,3.28
NEBRASKA,2020,5,3.64
NEBRASKA,2020,6,3.49
NEBRASKA,2020,7,2.45
NEBRASKA,2020,8,2.62
NEBRASKA,2020,9,2.74
NEBRASKA,2019,2,3.32
NEBRASKA,2019,4,3.19
NEBRASKA,2019,5,2.99
NEBRASKA,2019,7,3.34
NEBRASKA,2019,8,2.38
NEBRASKA,2019,9,2.68
NEBRASKA,2018,2,3.14
NEBRASKA,2018,4,3.08
NEBRASKA,2018,5,3.39
NEBRASKA,2018,6,3.65
NEBRASKA,2018,7,2.57
NEBRASKA,2018,8,2.64
NEBRASKA,2018,10,3.06
NEBRASKA,2017,3,2.79
NEBRASKA,2017,4,2.95
NEBRASKA,2017,5,3.15
NEBRASKA,2017,6,3.05
NEBRASKA,2017,9,2.75
NEBRASKA,2017,12,2.71
NEBRASKA,2016,4,1.94
NEBRASKA,2016,6,1.58
NEBRASKA,2016,7,1.71
NEBRASKA,2016,8,2.23
NEBRASKA,2016,10,1.91
NEBRASKA,2016,12,2.82
NEBRASKA,2015,1,2.9
NEBRASKA,2015,2,3.39
NEBRASKA,2015,7,1.99
NEBRASKA,2015,8,2.45
NEBRASKA,2015,9,2.15
NEBRASKA,2015,10,2.83
NEBRASKA,2014,1,4.48
NEBRASKA,2014,2,4.12
NEBRASKA,2014,3,4.01
NEBRASKA,2014,5,4.88
NEBRASKA,2014,6,4.09
NEBRASKA,2014,7,3.56
NEBRASKA,2014,8,3.0
NEBRASKA,2014,9,2.45
NEBRASKA,2014,12,2.92
NEBRASKA,2013,7,4.19
NEBRASKA,2013,9,4.04
NEBRASKA,2013,10,4.04
NEBRASKA,2012,1,3.59
NEBRASKA,2012,2,3.99
NEBRASKA,2012,3,3.95
NEBRASKA,2012,4,3.67
NEBRASKA,2012,5,4.06
NEBRASKA,2012,6,4.45
NEBRASKA,2012,7,4.0
NEBRASKA,2012,8,4.21
NEBRASKA,2011,1,3.01
NEBRASKA,2011,2,3.16
NEBRASKA,2011,3,3.72
NEBRASKA,2011,4,3.91
NEBRASKA,2011,5,4.0
NEBRASKA,2011,6,4.41
NEBRASKA,2011,7,3.7
NEBRASKA,2011,8,3.53
NEBRASKA,2011,9,3.89
NEBRASKA,2011,12,3.81
NEBRASKA,2010,4,2.52
NEBRASKA,2010,5,2.34
NEBRASKA,2010,6,2.69
NEBRASKA,2010,7,2.58
NEBRASKA,2010,8,2.46
NEBRASKA,2010,9,2.93
NEBRASKA,2010,10,3.43
NEBRASKA,2010,11,3.3
NEBRASKA,2010,12,3.4
NEBRASKA,2009,1,3.04
NEBRASKA,2009,2,2.52
NEBRASKA,2009,3,2.73
NEBRASKA,2009,4,2.88
NEBRASKA,2009,5,2.52
NEBRASKA,2009,6,2.93
NEBRASKA,2009,7,2.25
NEBRASKA,2009,8,2.21
NEBRASKA,2009,9,2.29
NEBRASKA,2009,10,2.51
NEBRASKA,2009,11,2.28
NEBRASKA,2009,12,2.11
NEBRASKA,2008,1,3.41
NEBRASKA,2008,2,3.81
NEBRASKA,2008,3,4.3
NEBRASKA,2008,4,3.99
NEBRASKA,2008,5,4.24
NEBRASKA,2008,6,3.81
NEBRASKA,2008,7,3.53
NEBRASKA,2008,8,3.5
NEBRASKA,2008,9,3.9
NEBRASKA,2008,10,3.71
NEBRASKA,2008,11,2.77
NEBRASKA,2008,12,2.12
NEBRASKA,2007,2,3.21
NEBRASKA,2007,3,2.82
NEBRASKA,2007,4,2.66
NEBRASKA,2007,5,3.14
NEBRASKA,2007,6,3.06
NEBRASKA,2007,7,2.82
NEBRASKA,2007,8,2.82
NEBRASKA,2007,9,2.87
NEBRASKA,2007,10,2.9
NEBRASKA,2007,11,2.73
NEBRASKA,2007,12,2.92
NEBRASKA,2006,1,1.6
NEBRASKA,2006,2,1.83
NEBRASKA,2006,3,1.7
NEBRASKA,2006,4,1.88
NEBRASKA,2006,5,1.83
NEBRASKA,2006,6,2.09
NEBRASKA,2006,7,1.69
NEBRASKA,2006,8,1.77
NEBRASKA,2006,9,2.26
NEBRASKA,2006,10,2.21
NEBRASKA,2006,11,2.49
NEBRASKA,2006,12,2.45
NEBRASKA,2005,1,1.74
NEBRASKA,2005,2,1.7
NEBRASKA,2005,3,1.78
NEBRASKA,2005,4,1.91
NEBRASKA,2005,5,1.66
NEBRASKA,2005,6,1.6
NEBRASKA,2005,7,1.49
NEBRASKA,2005,8,1.56
NEBRASKA,2005,9,1.57
NEBRASKA,2005,10,1.44
NEBRASKA,2005,11,1.35
NEBRASKA,2005,12,1.85
NEBRASKA,2004,1,1.87
NEBRASKA,2004,2,1.28
NEBRASKA,2004,3,1.64
NEBRASKA,2004,4,1.35
NEBRASKA,2004,6,1.7
NEBRASKA,2004,7,1.24
NEBRASKA,2004,8,1.26
NEBRASKA,2004,9,1.27
NEBRASKA,2004,10,1.77
NEBRASKA,2004,11,1.56
NEBRASKA,2004,12,1.59
NEBRASKA,2003,1,2.04
NEBRASKA,2003,2,2.44
NEBRASKA,2003,3,2.23
NEBRASKA,2003,4,2.48
NEBRASKA,2003,5,2.29
NEBRASKA,2003,6,2.0
NEBRASKA,2003,7,1.49
NEBRASKA,2003,8,1.57
NEBRASKA,2003,9,1.39
NEBRASKA,2003,10,1.39
NEBRASKA,2003,11,1.25
NEBRASKA,2003,12,1.4
NEBRASKA,2002,1,1.71
NEBRASKA,2002,2,1.7
NEBRASKA,2002,3,2.07
NEBRASKA,2002,4,1.93
NEBRASKA,2002,5,2.2
NEBRASKA,2002,6,1.88
NEBRASKA,2002,7,1.71
NEBRASKA,2002,8,2.03
NEBRASKA,2002,9,2.24
NEBRASKA,2002,10,2.32
NEBRASKA,2002,11,2.33
NEBRASKA,2002,12,2.23
NEBRASKA,2001,1,1.53
NEBRASKA,2001,2,1.54
NEBRASKA,2001,3,1.48
NEBRASKA,2001,4,1.49
NEBRASKA,2001,5,1.73
NEBRASKA,2001,6,1.52
NEBRASKA,2001,7,1.38
NEBRASKA,2001,8,1.4
NEBRASKA,2001,9,1.59
NEBRASKA,2001,10,1.91
NEBRASKA,2001,11,1.76
NEBRASKA,2001,12,1.94
NEBRASKA,2000,1,1.42
NEBRASKA,2000,2,1.44
NEBRASKA,2000,3,1.48
NEBRASKA,2000,4,1.49
NEBRASKA,2000,5,1.35
NEBRASKA,2000,6,1.54
NEBRASKA,2000,7,1.21
NEBRASKA,2000,8,1.36
NEBRASKA,2000,9,1.35
NEBRASKA,2000,10,1.5
NEBRASKA,2000,11,1.49
NEBRASKA,2000,12,1.34
NEW YORK,2018,9,2.88
NEW YORK,2017,8,1.85
NEW YORK,2016,2,2.15
NEW YORK,2016,3,2.22
NEW YORK,2016,6,2.16
NEW YORK,2016,7,2.82
NEW YORK,2016,8,2.19
NEW YORK,2016,9,1.9
NEW YORK,2016,10,1.66
NEW YORK,2015,8,2.41
NEW YORK,2015,9,2.3
NEW YORK,2015,12,2.33
NEW YORK,2014,2,3.96
NEW YORK,2014,9,3.39
NEW YORK,2014,10,3.49
NEW YORK,2013,5,4.02
NEW YORK,2013,9,3.27
NEW YORK,2012,4,4.44
NEW YORK,2012,5,3.91
NEW YORK,2012,6,4.16
NEW YORK,2012,7,3.37
NEW YORK,2011,3,3.63
NEW YORK,2011,4,3.34
NEW YORK,2011,5,3.58
NEW YORK,2011,9,4.58
NEW YORK,2010,7,1.92
NEW YORK,2010,8,1.59
NEW YORK,2010,9,1.72
NEW YORK,2010,12,2.33
NEW YORK,2009,1,3.32
NEW YORK,2009,3,3.01
NEW YORK,2009,5,2.77
NEW YORK,2009,6,2.75
NEW YORK,2009,8,1.95
NEW YORK,2008,1,3.22
NEW YORK,2008,3,3.22
NEW YORK,2008,4,3.73
NEW YORK,2008,6,2.85
NEW YORK,2008,8,3.23
NEW YORK,2008,9,3.04
NEW YORK,2008,10,3.08
NEW YORK,2007,1,1.84
NEW YORK,2007,2,2.28
NEW YORK,2007,3,2.08
NEW YORK,2007,4,2.28
NEW YORK,2007,5,2.18
NEW YORK,2007,6,2.05
NEW YORK,2007,7,2.09
NEW YORK,2007,8,2.0
NEW YORK,2007,9,2.02
NEW YORK,2007,10,2.21
NEW YORK,2006,1,1.8
NEW YORK,2006,3,1.68
NEW YORK,2006,4,1.81
NEW YORK,2006,5,1.87
NEW YORK,2006,6,1.91
NEW YORK,2006,7,1.58
NEW YORK,2006,8,1.58
NEW YORK,2006,9,1.51
NEW YORK,2006,11,1.71
NEW YORK,2006,12,1.73
NEW YORK,2005,8,1.67
NEW YORK,2005,9,1.52
NORTH DAKOTA,2022,1,5.24
NORTH DAKOTA,2022,2,4.98
NORTH DAKOTA,2022,3,5.08
NORTH DAKOTA,2022,4,6.29
NORTH DAKOTA,2022,5,5.63
NORTH DAKOTA,2022,6,6.67
NORTH DAKOTA,2022,7,5.92
NORTH DAKOTA,2022,8,4.64
NORTH DAKOTA,2022,9,4.52
NORTH DAKOTA,2022,10,3.86
NORTH DAKOTA,2022,11,3.87
NORTH DAKOTA,2022,12,4.88
NORTH DAKOTA,2021,1,2.43
NORTH DAKOTA,2021,2,2.72
NORTH DAKOTA,2021,3,2.94
NORTH DAKOTA,2021,4,3.28
NORTH DAKOTA,2021,5,3.13
NORTH DAKOTA,2021,6,2.98
NORTH DAKOTA,2021,7,3.49
NORTH DAKOTA,2021,8,3.42
NORTH DAKOTA,2021,9,3.79
NORTH DAKOTA,2021,10,4.22
NORTH DAKOTA,2021,11,4.68
NORTH DAKOTA,2021,12,5.66
NORTH DAKOTA,2020,1,2.73
NORTH DAKOTA,2020,2,2.52
NORTH DAKOTA,2020,3,2.57
NORTH DAKOTA,2020,4,2.48
NORTH DAKOTA,2020,5,2.41
NORTH DAKOTA,2020,6,2.38
NORTH DAKOTA,2020,7,2.42
NORTH DAKOTA,2020,8,2.43
NORTH DAKOTA,2020,9,2.38
NORTH DAKOTA,2020,10,2.37
NORTH DAKOTA,2020,11,2.39
NORTH DAKOTA,2020,12,2.47
NORTH DAKOTA,2019,1,2.44
NORTH DAKOTA,2019,3,2.49
NORTH DAKOTA,2019,4,2.63
NORTH DAKOTA,2019,5,2.66
NORTH DAKOTA,2019,6,2.58
NORTH DAKOTA,2019,7,2.39
NORTH DAKOTA,2019,8,2.31
NORTH DAKOTA,2019,9,2.36
NORTH DAKOTA,2019,10,2.55
NORTH DAKOTA,2019,11,2.5
NORTH DAKOTA,2019,12,2.56
NORTH DAKOTA,2018,1,2.41
NORTH DAKOTA,2018,3,2.46
NORTH DAKOTA,2018,4,2.49
NORTH DAKOTA,2018,5,2.28
NORTH DAKOTA,2018,6,2.45
NORTH DAKOTA,2018,7,2.49
NORTH DAKOTA,2018,8,2.17
NORTH DAKOTA,2018,9,2.26
NORTH DAKOTA,2018,10,2.19
NORTH DAKOTA,2018,11,2.32
NORTH DAKOTA,2018,12,2.46
NORTH DAKOTA,2017,1,2.22
NORTH DAKOTA,2017,2,2.35
NORTH DAKOTA,2017,3,2.45
NORTH DAKOTA,2017,4,1.95
NORTH DAKOTA,2017,5,2.26
NORTH DAKOTA,2017,6,2.36
NORTH DAKOTA,2017,7,2.34
NORTH DAKOTA,2017,8,2.63
NORTH DAKOTA,2017,9,2.54
NORTH DAKOTA,2017,10,2.35
NORTH DAKOTA,2017,12,2.53
NORTH DAKOTA,2016,1,2.32
NORTH DAKOTA,2016,3,2.12
NORTH DAKOTA,2016,4,1.91
NORTH DAKOTA,2016,5,1.79
NORTH DAKOTA,2016,6,1.99
NORTH DAKOTA,2016,7,1.83
NORTH DAKOTA,2016,8,1.93
NORTH DAKOTA,2016,9,1.98
NORTH DAKOTA,2016,10,2.08
NORTH DAKOTA,2015,1,2.39
NORTH DAKOTA,2015,2,2.26
NORTH DAKOTA,2015,3,2.25
NORTH DAKOTA,2015,4,2.1
NORTH DAKOTA,2015,7,2.07
NORTH DAKOTA,2015,8,1.87
NORTH DAKOTA,2015,9,2.02
NORTH DAKOTA,2015,10,1.88
NORTH DAKOTA,2015,11,2.08
NORTH DAKOTA,2015,12,2.26
NORTH DAKOTA,2014,1,3.11
NORTH DAKOTA,2014,3,3.56
NORTH DAKOTA,2014,4,2.96
NORTH DAKOTA,2014,5,3.05
NORTH DAKOTA,2014,6,2.98
NORTH DAKOTA,2014,7,2.93
NORTH DAKOTA,2014,8,2.33
NORTH DAKOTA,2014,9,2.23
NORTH DAKOTA,2014,10,2.71
NORTH DAKOTA,2014,11,2.63
NORTH DAKOTA,2014,12,2.36
NORTH DAKOTA,2013,1,3.51
NORTH DAKOTA,2013,2,3.24
NORTH DAKOTA,2013,3,3.6
NORTH DAKOTA,2013,4,3.5
NORTH DAKOTA,2013,5,3.87
NORTH DAKOTA,2013,6,3.52
NORTH DAKOTA,2013,7,3.58
NORTH DAKOTA,2013,8,3.17
NORTH DAKOTA,2013,9,3.23
NORTH DAKOTA,2013,10,2.81
NORTH DAKOTA,2013,11,2.86
NORTH DAKOTA,2013,12,3.1
NORTH DAKOTA,2012,1,3.03
NORTH DAKOTA,2012,2,3.17
NORTH DAKOTA,2012,3,3.09
NORTH DAKOTA,2012,4,3.45
NORTH DAKOTA,2012,5,3.54
NORTH DAKOTA,2012,6,2.95
NORTH DAKOTA,2012,7,3.16
NORTH DAKOTA,2012,8,3.28
NORTH DAKOTA,2012,9,3.36
NORTH DAKOTA,2012,11,3.18
NORTH DAKOTA,2012,12,3.41
NORTH DAKOTA,2011,2,3.34
NORTH DAKOTA,2011,3,3.19
NORTH DAKOTA,2011,4,3.07
NORTH DAKOTA,2011,5,3.29
NORTH DAKOTA,2011,6,3.02
NORTH DAKOTA,2011,7,2.76
NORTH DAKOTA,2011,8,3.05
NORTH DAKOTA,2011,9,3.0
NORTH DAKOTA,2011,10,2.78
NORTH DAKOTA,2011,11,2.9
NORTH DAKOTA,2011,12,2.94
NORTH DAKOTA,2010,1,2.12
NORTH DAKOTA,2010,2,2.07
NORTH DAKOTA,2010,3,1.73
NORTH DAKOTA,2010,4,2.22
NORTH DAKOTA,2010,5,1.82
NORTH DAKOTA,2010,6,1.89
NORTH DAKOTA,2010,7,1.86
NORTH DAKOTA,2010,8,1.91
NORTH DAKOTA,2010,9,2.11
NORTH DAKOTA,2010,10,2.5
NORTH DAKOTA,2010,11,2.69
NORTH DAKOTA,2010,12,2.99
NORTH DAKOTA,2009,1,2.13
NORTH DAKOTA,2009,2,1.79
NORTH DAKOTA,2009,3,1.84
NORTH DAKOTA,2009,4,1.9
NORTH DAKOTA,2009,5,2.09
NORTH DAKOTA,2009,6,2.06
NORTH DAKOTA,2009,7,2.11
NORTH DAKOTA,2009,8,2.05
NORTH DAKOTA,2009,9,1.77
NORTH DAKOTA,2009,10,2.11
NORTH DAKOTA,2009,11,1.98
NORTH DAKOTA,2008,1,2.46
NORTH DAKOTA,2008,2,2.58
NORTH DAKOTA,2008,3,3.12
NORTH DAKOTA,2008,4,3.24
NORTH DAKOTA,2008,5,3.27
NORTH DAKOTA,2008,6,3.56
NORTH DAKOTA,2008,7,3.25
NORTH DAKOTA,2008,8,2.9
NORTH DAKOTA,2008,9,2.7
NORTH DAKOTA,2008,10,2.37
NORTH DAKOTA,2008,11,2.2
NORTH DAKOTA,2008,12,2.21
NORTH DAKOTA,2007,1,1.95
NORTH DAKOTA,2007,2,2.17
NORTH DAKOTA,2007,3,2.2
NORTH DAKOTA,2007,4,2.43
NORTH DAKOTA,2007,5,2.24
NORTH DAKOTA,2007,6,2.33
NORTH DAKOTA,2007,7,2.06
NORTH DAKOTA,2007,8,2.22
NORTH DAKOTA,2007,9,2.23
NORTH DAKOTA,2007,10,2.03
NORTH DAKOTA,2007,11,2.29
NORTH DAKOTA,2006,1,1.69
NORTH DAKOTA,2006,2,1.8
NORTH DAKOTA,2006,3,1.78
NORTH DAKOTA,2006,4,1.64
NORTH DAKOTA,2006,5,1.68
NORTH DAKOTA,2006,6,1.78
NORTH DAKOTA,2006,7,1.84
NORTH DAKOTA,2006,8,1.59
NORTH DAKOTA,2006,9,1.59
NORTH DAKOTA,2006,10,1.71
NORTH DAKOTA,2006,11,1.98
NORTH DAKOTA,2006,12,2.05
NORTH DAKOTA,2005,1,1.22
NORTH DAKOTA,2005,2,1.22
NORTH DAKOTA,2005,3,1.39
NORTH DAKOTA,2005,5,1.32
NORTH DAKOTA,2005,6,1.5
NORTH DAKOTA,2005,7,1.27
NORTH DAKOTA,2005,8,1.22
NORTH DAKOTA,2005,9,1.32
NORTH DAKOTA,2005,10,1.52
NORTH DAKOTA,2005,11,1.52
NORTH DAKOTA,2005,12,1.6
NORTH DAKOTA,2004,1,1.33
NORTH DAKOTA,2004,2,1.21
NORTH DAKOTA,2004,3,1.4
NORTH DAKOTA,2004,4,1.5
NORTH DAKOTA,2004,5,1.26
NORTH DAKOTA,2004,6,1.19
NORTH DAKOTA,2004,7,1.18
NORTH DAKOTA,2004,8,1.04
NORTH DAKOTA,2004,9,1.12
NORTH DAKOTA,2004,12,1.26
NORTH DAKOTA,2003,1,1.79
NORTH DAKOTA,2003,2,1.83
NORTH DAKOTA,2003,3,1.75
NORTH DAKOTA,2003,4,1.73
NORTH DAKOTA,2003,5,1.67
NORTH DAKOTA,2003,6,1.57
NORTH DAKOTA,2003,7,1.39
NORTH DAKOTA,2003,8,1.22
NORTH DAKOTA,2003,9,1.16
NORTH DAKOTA,2003,10,1.11
NORTH DAKOTA,2003,11,1.13
NORTH DAKOTA,2002,1,1.85
NORTH DAKOTA,2002,2,1.82
NORTH DAKOTA,2002,3,1.9
NORTH DAKOTA,2002,4,1.78
NORTH DAKOTA,2002,5,1.63
NORTH DAKOTA,2002,6,1.74
NORTH DAKOTA,2002,7,1.61
NORTH DAKOTA,2002,8,1.56
NORTH DAKOTA,2002,9,1.56
NORTH DAKOTA,2002,10,1.7
NORTH DAKOTA,2002,11,1.72
NORTH DAKOTA,2002,12,1.7
NORTH DAKOTA,2001,1,0.95
NORTH DAKOTA,2001,2,1.04
NORTH DAKOTA,2001,3,0.97
NORTH DAKOTA,2001,4,0.98
NORTH DAKOTA,2001,5,0.94
NORTH DAKOTA,2001,6,1.09
NORTH DAKOTA,2001,7,1.15
NORTH DAKOTA,2001,8,1.11
NORTH DAKOTA,2001,9,1.2
NORTH DAKOTA,2001,10,1.59
NORTH DAKOTA,2001,11,1.7
NORTH DAKOTA,2001,12,1.93
NORTH DAKOTA,2000,1,0.94
NORTH DAKOTA,2000,2,0.95
NORTH DAKOTA,2000,3,1.01
NORTH DAKOTA,2000,4,1.08
NORTH DAKOTA,2000,5,1.06
NORTH DAKOTA,2000,6,0.97
NORTH DAKOTA,2000,7,0.95
NORTH DAKOTA,2000,8,0.74
NORTH DAKOTA,2000,9,0.77
NORTH DAKOTA,2000,10,0.81
NORTH DAKOTA,2000,11,0.89
NORTH DAKOTA,2000,12,0.87
OHIO,2009,5,3.8
OHIO,2009,6,2.69
OHIO,2008,11,4.33
OHIO,2007,7,1.51
OHIO,2007,8,1.88
OHIO,2007,9,1.78
OHIO,2006,3,1.62
OHIO,2006,7,1.62
OHIO,2006,8,1.36
OHIO,2005,1,2.04
OHIO,2005,2,1.95
OHIO,2005,4,2.08
OHIO,2005,7,1.9
OHIO,2005,8,1.75
OHIO,2005,9,1.45
OHIO,2005,10,1.42
OHIO,2004,1,1.67
OHIO,2004,2,1.7
OHIO,2004,3,1.94
OHIO,2004,4,1.85
OHIO,2004,5,1.9
OHIO,2004,6,1.87
OHIO,2004,7,1.77
OHIO,2004,8,1.75
OHIO,2004,9,1.57
OHIO,2004,10,1.68
OHIO,2003,1,2.35
OHIO,2003,3,2.22
OHIO,2003,4,2.1
OHIO,2003,6,1.9
OHIO,2003,7,1.92
OHIO,2003,8,1.74
OHIO,2003,9,1.77
OHIO,2003,10,1.69
OHIO,2003,11,1.67
OHIO,2003,12,1.74
OHIO,2002,1,2.01
OHIO,2002,2,2.12
OHIO,2002,3,2.05
OHIO,2002,4,1.98
OHIO,2002,5,1.91
OHIO,2002,6,2.27
OHIO,2002,7,1.71
OHIO,2002,8,1.71
OHIO,2002,9,2.0
OHIO,2002,10,1.91
OHIO,2002,11,2.12
OHIO,2002,12,2.29
OHIO,2001,1,1.51
OHIO,2001,2,1.51
OHIO,2001,3,1.59
OHIO,2001,4,1.58
OHIO,2001,5,1.65
OHIO,2001,6,1.68
OHIO,2001,7,1.46
OHIO,2001,8,1.38
OHIO,2001,9,1.23
OHIO,2001,10,1.68
OHIO,2001,11,1.64
OHIO,2001,12,1.55
OHIO,2000,1,1.51
OHIO,2000,2,1.68
OHIO,2000,3,1.55
OHIO,2000,4,1.47
OHIO,2000,5,1.47
OHIO,2000,6,1.41
OHIO,2000,7,1.31
OHIO,2000,8,1.24
OHIO,2000,9,1.37
OHIO,2000,10,1.35
OHIO,2000,11,1.51
OHIO,2000,12,1.27
OREGON,2014,9,4.74
OREGON,2004,2,2.11
OREGON,2004,3,1.99
OREGON,2004,10,1.63
OREGON,2003,10,1.84
OREGON,2003,12,1.86
OREGON,2002,1,2.23
OREGON,2002,2,2.48
OREGON,2002,3,2.11
OREGON,2002,4,2.2
OREGON,2002,5,2.4
OREGON,2002,9,2.65
OREGON,2002,10,2.5
OREGON,2001,1,1.37
OREGON,2001,2,1.29
OREGON,2001,3,1.35
OREGON,2001,4,1.4
OREGON,2001,6,1.68
OREGON,2001,7,1.49
OREGON,2001,8,1.51
OREGON,2001,9,1.7
OREGON,2001,10,1.88
OREGON,2001,11,2.22
OREGON,2001,12,2.13
OREGON,2000,1,1.43
OREGON,2000,2,1.52
OREGON,2000,3,1.45
OREGON,2000,4,1.52
OREGON,2000,5,1.45
OREGON,2000,6,1.14
OREGON,2000,7,1.35
OREGON,2000,8,1.16
OREGON,2000,10,1.24
OREGON,2000,11,1.27
OREGON,2000,12,1.31
PENNSYLVANIA,2022,3,6.5
PENNSYLVANIA,2022,11,5.57
PENNSYLVANIA,2022,12,4.43
PENNSYLVANIA,2021,7,4.08
PENNSYLVANIA,2021,8,4.25
PENNSYLVANIA,2020,2,4.45
PENNSYLVANIA,2020,3,4.5
PENNSYLVANIA,2020,4,4.01
PENNSYLVANIA,2020,5,4.5
PENNSYLVANIA,2020,6,3.79
PENNSYLVANIA,2020,7,3.92
PENNSYLVANIA,2020,8,3.77
PENNSYLVANIA,2020,10,3.77
PENNSYLVANIA,2019,1,4.34
PENNSYLVANIA,2019,4,4.75
PENNSYLVANIA,2019,6,4.27
PENNSYLVANIA,2019,7,3.7
PENNSYLVANIA,2019,8,3.91
PENNSYLVANIA,2019,9,3.85
PENNSYLVANIA,2019,11,4.46
PENNSYLVANIA,2019,12,4.68
PENNSYLVANIA,2018,3,4.19
PENNSYLVANIA,2018,4,4.02
PENNSYLVANIA,2018,6,4.07
PENNSYLVANIA,2018,7,3.59
PENNSYLVANIA,2018,8,3.35
PENNSYLVANIA,2018,9,4.06
PENNSYLVANIA,2018,10,4.29
PENNSYLVANIA,2017,1,2.73
PENNSYLVANIA,2017,7,2.58
PENNSYLVANIA,2017,8,2.6
PENNSYLVANIA,2017,10,3.46
PENNSYLVANIA,2017,11,3.87
PENNSYLVANIA,2016,7,2.77
PENNSYLVANIA,2016,8,2.44
PENNSYLVANIA,2016,9,2.53
PENNSYLVANIA,2016,12,2.52
PENNSYLVANIA,2015,1,3.85
PENNSYLVANIA,2015,2,4.26
PENNSYLVANIA,2015,3,4.03
PENNSYLVANIA,2015,6,4.08
PENNSYLVANIA,2015,8,3.56
PENNSYLVANIA,2015,9,3.31
PENNSYLVANIA,2015,10,3.23
PENNSYLVANIA,2014,1,3.78
PENNSYLVANIA,2014,2,4.11
PENNSYLVANIA,2014,3,4.05
PENNSYLVANIA,2014,4,4.57
PENNSYLVANIA,2014,6,4.34
PENNSYLVANIA,2014,8,3.68
PENNSYLVANIA,2014,11,3.55
PENNSYLVANIA,2013,5,4.63
PENNSYLVANIA,2013,7,3.98
PENNSYLVANIA,2013,8,3.76
PENNSYLVANIA,2013,10,3.7
PENNSYLVANIA,2013,12,3.77
PENNSYLVANIA,2012,1,4.28
PENNSYLVANIA,2012,2,4.01
PENNSYLVANIA,2012,3,4.44
PENNSYLVANIA,2012,4,4.55
PENNSYLVANIA,2012,5,4.57
PENNSYLVANIA,2012,6,4.51
PENNSYLVANIA,2012,7,3.99
PENNSYLVANIA,2012,8,3.98
PENNSYLVANIA,2012,9,3.91
PENNSYLVANIA,2012,10,4.01
PENNSYLVANIA,2012,12,4.34
PENNSYLVANIA,2011,1,4.31
PENNSYLVANIA,2011,2,3.99
PENNSYLVANIA,2011,3,3.98
PENNSYLVANIA,2011,4,4.6
PENNSYLVANIA,2011,5,4.72
PENNSYLVANIA,2011,6,3.76
PENNSYLVANIA,2011,7,3.66
PENNSYLVANIA,2011,8,3.98
PENNSYLVANIA,2011,9,4.08
PENNSYLVANIA,2011,10,4.39
PENNSYLVANIA,2011,11,5.83
PENNSYLVANIA,2011,12,4.3
PENNSYLVANIA,2010,1,2.84
PENNSYLVANIA,2010,2,3.67
PENNSYLVANIA,2010,3,2.82
PENNSYLVANIA,2010,4,2.99
PENNSYLVANIA,2010,5,2.6
PENNSYLVANIA,2010,6,3.03
PENNSYLVANIA,2010,7,2.19
PENNSYLVANIA,2010,8,2.36
PENNSYLVANIA,2010,9,3.1
PENNSYLVANIA,2010,10,2.81
PENNSYLVANIA,2010,11,3.34
PENNSYLVANIA,2010,12,3.98
PENNSYLVANIA,2009,1,2.55
PENNSYLVANIA,2009,2,2.65
PENNSYLVANIA,2009,3,3.54
PENNSYLVANIA,2009,4,3.08
PENNSYLVANIA,2009,5,3.16
PENNSYLVANIA,2009,6,3.23
PENNSYLVANIA,2009,7,2.49
PENNSYLVANIA,2009,8,2.3
PENNSYLVANIA,2009,9,3.3
PENNSYLVANIA,2009,10,2.67
PENNSYLVANIA,2009,11,2.44
PENNSYLVANIA,2009,12,3.79
PENNSYLVANIA,2008,1,3.45
PENNSYLVANIA,2008,2,3.64
PENNSYLVANIA,2008,3,3.73
PENNSYLVANIA,2008,4,4.34
PENNSYLVANIA,2008,5,4.55
PENNSYLVANIA,2008,6,4.92
PENNSYLVANIA,2008,7,3.72
PENNSYLVANIA,2008,8,3.36
PENNSYLVANIA,2008,9,3.48
PENNSYLVANIA,2008,10,3.7
PENNSYLVANIA,2008,11,3.16
PENNSYLVANIA,2008,12,2.74
PENNSYLVANIA,2007,1,2.6
PENNSYLVANIA,2007,2,2.35
PENNSYLVANIA,2007,3,2.45
PENNSYLVANIA,2007,4,2.56
PENNSYLVANIA,2007,5,2.28
PENNSYLVANIA,2007,6,2.17
PENNSYLVANIA,2007,7,2.39
PENNSYLVANIA,2007,8,2.13
PENNSYLVANIA,2007,9,2.51
PENNSYLVANIA,2007,10,2.64
PENNSYLVANIA,2007,11,3.25
PENNSYLVANIA,2007,12,3.26
PENNSYLVANIA,2006,1,2.29
PENNSYLVANIA,2006,2,2.39
PENNSYLVANIA,2006,3,2.41
PENNSYLVANIA,2006,4,2.18
PENNSYLVANIA,2006,5,2.85
PENNSYLVANIA,2006,6,2.88
PENNSYLVANIA,2006,7,2.0
PENNSYLVANIA,2006,8,1.83
PENNSYLVANIA,2006,9,1.84
PENNSYLVANIA,2006,10,2.46
PENNSYLVANIA,2006,11,2.06
PENNSYLVANIA,2006,12,2.0
PENNSYLVANIA,2005,2,2.04
PENNSYLVANIA,2005,4,1.99
PENNSYLVANIA,2005,5,1.96
PENNSYLVANIA,2005,6,2.17
PENNSYLVANIA,2005,7,1.58
PENNSYLVANIA,2005,8,1.55
PENNSYLVANIA,2005,9,2.09
PENNSYLVANIA,2005,10,2.61
PENNSYLVANIA,2005,11,2.5
PENNSYLVANIA,2005,12,2.83
PENNSYLVANIA,2004,1,1.98
PENNSYLVANIA,2004,3,2.04
PENNSYLVANIA,2004,4,2.11
PENNSYLVANIA,2004,6,2.16
PENNSYLVANIA,2004,7,1.74
PENNSYLVANIA,2004,8,1.73
PENNSYLVANIA,2004,9,1.71
PENNSYLVANIA,2004,10,1.69
PENNSYLVANIA,2004,11,1.67
PENNSYLVANIA,2003,1,2.3
PENNSYLVANIA,2003,2,2.34
PENNSYLVANIA,2003,3,2.27
PENNSYLVANIA,2003,4,2.28
PENNSYLVANIA,2003,5,2.38
PENNSYLVANIA,2003,6,2.38
PENNSYLVANIA,2003,7,1.83
PENNSYLVANIA,2003,8,1.73
PENNSYLVANIA,2003,9,1.73
PENNSYLVANIA,2003,10,1.69
PENNSYLVANIA,2002,1,1.9
PENNSYLVANIA,2002,2,1.83
PENNSYLVANIA,2002,3,1.68
PENNSYLVANIA,2002,4,1.87
PENNSYLVANIA,2002,5,2.28
PENNSYLVANIA,2002,6,1.99
PENNSYLVANIA,2002,7,1.65
PENNSYLVANIA,2002,8,1.69
PENNSYLVANIA,2002,9,1.92
PENNSYLVANIA,2002,10,2.04
PENNSYLVANIA,2002,11,2.25
PENNSYLVANIA,2002,12,2.24
PENNSYLVANIA,2001,1,1.43
PENNSYLVANIA,2001,2,1.49
PENNSYLVANIA,2001,3,1.62
PENNSYLVANIA,2001,4,1.54
PENNSYLVANIA,2001,5,1.6
PENNSYLVANIA,2001,6,1.41
PENNSYLVANIA,2001,7,1.46
PENNSYLVANIA,2001,8,1.47
PENNSYLVANIA,2001,9,1.49
PENNSYLVANIA,2001,10,1.63
PENNSYLVANIA,2001,11,1.8
PENNSYLVANIA,2001,12,2.14
PENNSYLVANIA,2000,1,1.75
PENNSYLVANIA,2000,2,1.8
PENNSYLVANIA,2000,3,1.82
PENNSYLVANIA,2000,4,1.77
PENNSYLVANIA,2000,5,1.83
PENNSYLVANIA,2000,6,1.77
PENNSYLVANIA,2000,7,1.35
PENNSYLVANIA,2000,8,1.27
PENNSYLVANIA,2000,9,1.5
PENNSYLVANIA,2000,10,1.55
PENNSYLVANIA,2000,11,1.55
PENNSYLVANIA,2000,12,1.52
SOUTH DAKOTA,2022,1,6.3
SOUTH DAKOTA,2022,2,7.02
SOUTH DAKOTA,2022,3,6.95
SOUTH DAKOTA,2022,4,7.03
SOUTH DAKOTA,2022,5,7.07
SOUTH DAKOTA,2022,6,6.96
SOUTH DAKOTA,2022,7,5.14
SOUTH DAKOTA,2022,8,4.18
SOUTH DAKOTA,2022,9,4.35
SOUTH DAKOTA,2022,10,4.34
SOUTH DAKOTA,2022,11,3.9
SOUTH DAKOTA,2022,12,3.8
SOUTH DAKOTA,2021,1,2.75
SOUTH DAKOTA,2021,2,3.06
SOUTH DAKOTA,2021,3,2.91
SOUTH DAKOTA,2021,4,3.28
SOUTH DAKOTA,2021,5,3.18
SOUTH DAKOTA,2021,6,3.16
SOUTH DAKOTA,2021,7,3.76
SOUTH DAKOTA,2021,8,4.11
SOUTH DAKOTA,2021,9,4.56
SOUTH DAKOTA,2021,10,4.71
SOUTH DAKOTA,2021,11,5.17
SOUTH DAKOTA,2021,12,6.18
SOUTH DAKOTA,2020,1,2.81
SOUTH DAKOTA,2020,2,2.79
SOUTH DAKOTA,2020,3,2.75
SOUTH DAKOTA,2020,4,3.12
SOUTH DAKOTA,2020,5,2.9
SOUTH DAKOTA,2020,6,2.99
SOUTH DAKOTA,2020,7,2.63
SOUTH DAKOTA,2020,8,2.47
SOUTH DAKOTA,2020,9,2.42
SOUTH DAKOTA,2020,10,2.57
SOUTH DAKOTA,2020,11,2.57
SOUTH DAKOTA,2020,12,2.8
SOUTH DAKOTA,2019,1,2.71
SOUTH DAKOTA,2019,2,2.76
SOUTH DAKOTA,2019,3,2.87
SOUTH DAKOTA,2019,4,2.89
SOUTH DAKOTA,2019,5,3.0
SOUTH DAKOTA,2019,6,3.37
SOUTH DAKOTA,2019,7,3.08
SOUTH DAKOTA,2019,8,2.72
SOUTH DAKOTA,2019,9,2.77
SOUTH DAKOTA,2019,10,2.81
SOUTH DAKOTA,2019,11,2.92
SOUTH DAKOTA,2019,12,2.72
SOUTH DAKOTA,2018,1,2.66
SOUTH DAKOTA,2018,2,2.38
SOUTH DAKOTA,2018,3,2.58
SOUTH DAKOTA,2018,4,2.58
SOUTH DAKOTA,2018,5,2.68
SOUTH DAKOTA,2018,6,2.57
SOUTH DAKOTA,2018,7,2.4
SOUTH DAKOTA,2018,8,2.39
SOUTH DAKOTA,2018,9,2.33
SOUTH DAKOTA,2018,10,2.56
SOUTH DAKOTA,2018,11,2.62
SOUTH DAKOTA,2018,12,2.65
SOUTH DAKOTA,2017,1,2.21
SOUTH DAKOTA,2017,2,2.25
SOUTH DAKOTA,2017,3,2.28
SOUTH DAKOTA,2017,4,2.13
SOUTH DAKOTA,2017,5,2.27
SOUTH DAKOTA,2017,6,2.28
SOUTH DAKOTA,2017,7,2.28
SOUTH DAKOTA,2017,8,2.33
SOUTH DAKOTA,2017,9,2.39
SOUTH DAKOTA,2017,10,2.63
SOUTH DAKOTA,2017,11,2.33
SOUTH DAKOTA,2017,12,2.74
SOUTH DAKOTA,2016,1,2.1
SOUTH DAKOTA,2016,2,1.88
SOUTH DAKOTA,2016,3,1.9
SOUTH DAKOTA,2016,4,1.81
SOUTH DAKOTA,2016,5,1.93
SOUTH DAKOTA,2016,6,1.87
SOUTH DAKOTA,2016,7,1.84
SOUTH DAKOTA,2016,8,1.77
SOUTH DAKOTA,2016,9,1.87
SOUTH DAKOTA,2016,10,1.85
SOUTH DAKOTA,2016,11,1.84
SOUTH DAKOTA,2016,12,1.97
SOUTH DAKOTA,2015,1,3.22
SOUTH DAKOTA,2015,2,3.2
SOUTH DAKOTA,2015,3,2.67
SOUTH DAKOTA,2015,4,2.99
SOUTH DAKOTA,2015,5,2.5
SOUTH DAKOTA,2015,6,2.47
SOUTH DAKOTA,2015,7,2.34
SOUTH DAKOTA,2015,8,2.2
SOUTH DAKOTA,2015,9,2.07
SOUTH DAKOTA,2015,10,2.0
SOUTH DAKOTA,2015,11,2.01
SOUTH DAKOTA,2015,12,2.03
SOUTH DAKOTA,2014,1,3.72
SOUTH DAKOTA,2014,2,3.62
SOUTH DAKOTA,2014,3,3.68
SOUTH DAKOTA,2014,4,3.78
SOUTH DAKOTA,2014,5,3.9
SOUTH DAKOTA,2014,6,3.74
SOUTH DAKOTA,2014,7,3.17
SOUTH DAKOTA,2014,8,2.98
SOUTH DAKOTA,2014,9,2.71
SOUTH DAKOTA,2014,10,2.91
SOUTH DAKOTA,2014,11,3.18
SOUTH DAKOTA,2014,12,3.15
SOUTH DAKOTA,2013,1,4.25
SOUTH DAKOTA,2013,2,4.37
SOUTH DAKOTA,2013,3,4.16
SOUTH DAKOTA,2013,4,4.37
SOUTH DAKOTA,2013,5,4.42
SOUTH DAKOTA,2013,6,4.07
SOUTH DAKOTA,2013,7,3.65
SOUTH DAKOTA,2013,8,3.64
SOUTH DAKOTA,2013,9,3.45
SOUTH DAKOTA,2013,10,3.49
SOUTH DAKOTA,2013,11,3.54
SOUTH DAKOTA,2013,12,3.47
SOUTH DAKOTA,2012,1,3.62
SOUTH DAKOTA,2012,2,3.64
SOUTH DAKOTA,2012,3,3.59
SOUTH DAKOTA,2012,4,3.81
SOUTH DAKOTA,2012,5,3.79
SOUTH DAKOTA,2012,6,3.49
SOUTH DAKOTA,2012,7,3.63
SOUTH DAKOTA,2012,8,3.77
SOUTH DAKOTA,2012,9,3.84
SOUTH DAKOTA,2012,10,4.3
SOUTH DAKOTA,2012,11,3.97
SOUTH DAKOTA,2012,12,4.2
SOUTH DAKOTA,2011,1,3.25
SOUTH DAKOTA,2011,2,3.63
SOUTH DAKOTA,2011,3,3.36
SOUTH DAKOTA,2011,4,3.68
SOUTH DAKOTA,2011,5,3.64
SOUTH DAKOTA,2011,6,3.68
SOUTH DAKOTA,2011,7,3.74
SOUTH DAKOTA,2011,8,3.39
SOUTH DAKOTA,2011,9,3.46
SOUTH DAKOTA,2011,10,3.47
SOUTH DAKOTA,2011,11,3.62
SOUTH DAKOTA,2011,12,3.48
SOUTH DAKOTA,2010,1,2.15
SOUTH DAKOTA,2010,2,2.11
SOUTH DAKOTA,2010,3,2.14
SOUTH DAKOTA,2010,4,2.16
SOUTH DAKOTA,2010,5,2.03
SOUTH DAKOTA,2010,6,2.2
SOUTH DAKOTA,2010,7,2.22
SOUTH DAKOTA,2010,8,2.23
SOUTH DAKOTA,2010,9,2.42
SOUTH DAKOTA,2010,10,2.48
SOUTH DAKOTA,2010,11,2.93
SOUTH DAKOTA,2010,12,2.89
SOUTH DAKOTA,2009,1,2.07
SOUTH DAKOTA,2009,2,2.13
SOUTH DAKOTA,2009,3,1.99
SOUTH DAKOTA,2009,4,1.8
SOUTH DAKOTA,2009,5,2.12
SOUTH DAKOTA,2009,6,2.18
SOUTH DAKOTA,2009,7,1.93
SOUTH DAKOTA,2009,8,1.76
SOUTH DAKOTA,2009,9,1.76
SOUTH DAKOTA,2009,10,1.88
SOUTH DAKOTA,2009,11,1.99
SOUTH DAKOTA,2009,12,1.92
SOUTH DAKOTA,2008,1,3.06
SOUTH DAKOTA,2008,2,3.27
SOUTH DAKOTA,2008,3,3.41
SOUTH DAKOTA,2008,4,3.37
SOUTH DAKOTA,2008,5,3.52
SOUTH DAKOTA,2008,6,3.35
SOUTH DAKOTA,2008,7,3.1
SOUTH DAKOTA,2008,8,2.94
SOUTH DAKOTA,2008,9,2.67
SOUTH DAKOTA,2008,10,2.58
SOUTH DAKOTA,2008,11,2.56
SOUTH DAKOTA,2008,12,2.75
SOUTH DAKOTA,2007,1,2.36
SOUTH DAKOTA,2007,2,2.48
SOUTH DAKOTA,2007,3,2.56
SOUTH DAKOTA,2007,4,2.56
SOUTH DAKOTA,2007,5,2.6
SOUTH DAKOTA,2007,6,2.88
SOUTH DAKOTA,2007,7,2.51
SOUTH DAKOTA,2007,8,2.32
SOUTH DAKOTA,2007,9,2.56
SOUTH DAKOTA,2007,10,2.68
SOUTH DAKOTA,2007,11,2.86
SOUTH DAKOTA,2007,12,2.94
SOUTH DAKOTA,2006,1,1.64
SOUTH DAKOTA,2006,2,1.8
SOUTH DAKOTA,2006,3,1.75
SOUTH DAKOTA,2006,4,1.77
SOUTH DAKOTA,2006,5,1.72
SOUTH DAKOTA,2006,6,1.72
SOUTH DAKOTA,2006,7,1.85
SOUTH DAKOTA,2006,8,1.8
SOUTH DAKOTA,2006,9,1.8
SOUTH DAKOTA,2006,10,1.86
SOUTH DAKOTA,2006,11,2.11
SOUTH DAKOTA,2006,12,2.36
SOUTH DAKOTA,2005,1,1.69
SOUTH DAKOTA,2005,2,1.69
SOUTH DAKOTA,2005,3,1.63
SOUTH DAKOTA,2005,4,1.56
SOUTH DAKOTA,2005,5,1.53
SOUTH DAKOTA,2005,6,1.62
SOUTH DAKOTA,2005,7,1.53
SOUTH DAKOTA,2005,8,1.39
SOUTH DAKOTA,2005,9,1.53
SOUTH DAKOTA,2005,10,1.62
SOUTH DAKOTA,2005,11,1.64
SOUTH DAKOTA,2005,12,1.63
SOUTH DAKOTA,2004,1,1.5
SOUTH DAKOTA,2004,2,1.53
SOUTH DAKOTA,2004,3,1.53
SOUTH DAKOTA,2004,4,1.57
SOUTH DAKOTA,2004,5,1.61
SOUTH DAKOTA,2004,6,1.56
SOUTH DAKOTA,2004,7,1.26
SOUTH DAKOTA,2004,8,1.29
SOUTH DAKOTA,2004,9,1.47
SOUTH DAKOTA,2004,10,1.44
SOUTH DAKOTA,2004,11,1.53
SOUTH DAKOTA,2004,12,1.65
SOUTH DAKOTA,2003,1,2.18
SOUTH DAKOTA,2003,2,2.25
SOUTH DAKOTA,2003,3,2.13
SOUTH DAKOTA,2003,4,2.0
SOUTH DAKOTA,2003,5,1.98
SOUTH DAKOTA,2003,6,1.85
SOUTH DAKOTA,2003,7,1.31
SOUTH DAKOTA,2003,8,1.25
SOUTH DAKOTA,2003,9,1.39
SOUTH DAKOTA,2003,10,1.35
SOUTH DAKOTA,2003,11,1.27
SOUTH DAKOTA,2003,12,1.4
SOUTH DAKOTA,2002,1,1.86
SOUTH DAKOTA,2002,2,1.97
SOUTH DAKOTA,2002,3,2.08
SOUTH DAKOTA,2002,4,2.02
SOUTH DAKOTA,2002,5,2.06
SOUTH DAKOTA,2002,6,2.06
SOUTH DAKOTA,2002,7,1.78
SOUTH DAKOTA,2002,8,1.79
SOUTH DAKOTA,2002,9,1.9
SOUTH DAKOTA,2002,10,2.02
SOUTH DAKOTA,2002,11,2.11
SOUTH DAKOTA,2002,12,2.17
SOUTH DAKOTA,2001,1,1.26
SOUTH DAKOTA,2001,2,1.31
SOUTH DAKOTA,2001,3,1.27
SOUTH DAKOTA,2001,4,1.26
SOUTH DAKOTA,2001,5,1.35
SOUTH DAKOTA,2001,6,1.39
SOUTH DAKOTA,2001,7,1.42
SOUTH DAKOTA,2001,8,1.24
SOUTH DAKOTA,2001,9,1.39
SOUTH DAKOTA,2001,10,1.68
SOUTH DAKOTA,2001,11,1.9
SOUTH DAKOTA,2001,12,2.0
SOUTH DAKOTA,2000,1,1.18
SOUTH DAKOTA,2000,2,1.31
SOUTH DAKOTA,2000,3,1.19
SOUTH DAKOTA,2000,4,1.34
SOUTH DAKOTA,2000,5,1.44
SOUTH DAKOTA,2000,6,1.17
SOUTH DAKOTA,2000,7,0.99
SOUTH DAKOTA,2000,8,0.96
SOUTH DAKOTA,2000,9,1.11
SOUTH DAKOTA,2000,10,1.03
SOUTH DAKOTA,2000,11,1.22
SOUTH DAKOTA,2000,12,1.2
TEXAS,2007,1,2.61
TEXAS,2007,2,2.56
TEXAS,2006,6,2.01
TEXAS,2005,6,2.3
TEXAS,2004,6,1.74
TEXAS,2002,10,1.74
TEXAS,2002,11,1.97
TEXAS,2000,6,1.5
TEXAS,2000,7,1.52
WISCONSIN,2022,1,5.38
WISCONSIN,2022,2,6.22
WISCONSIN,2022,3,5.39
WISCONSIN,2022,4,5.7
WISCONSIN,2022,5,5.85
WISCONSIN,2022,6,5.31
WISCONSIN,2022,7,5.06
WISCONSIN,2022,8,4.69
WISCONSIN,2022,9,4.53
WISCONSIN,2022,10,4.47
WISCONSIN,2022,11,4.61
WISCONSIN,2022,12,5.83
WISCONSIN,2021,1,4.07
WISCONSIN,2021,2,2.99
WISCONSIN,2021,3,3.15
WISCONSIN,2021,4,3.31
WISCONSIN,2021,5,3.43
WISCONSIN,2021,6,3.27
WISCONSIN,2021,7,3.15
WISCONSIN,2021,8,3.4
WISCONSIN,2021,9,3.18
WISCONSIN,2021,10,4.04
WISCONSIN,2021,11,4.25
WISCONSIN,2021,12,5.15
WISCONSIN,2020,1,2.97
WISCONSIN,2020,2,3.14
WISCONSIN,2020,3,3.26
WISCONSIN,2020,4,3.59
WISCONSIN,2020,5,3.23
WISCONSIN,2020,6,3.37
WISCONSIN,2020,7,2.81
WISCONSIN,2020,8,2.5
WISCONSIN,2020,9,2.35
WISCONSIN,2020,10,2.43
WISCONSIN,2020,11,2.37
WISCONSIN,2020,12,2.78
WISCONSIN,2019,1,3.24
WISCONSIN,2019,2,3.02
WISCONSIN,2019,3,2.92
WISCONSIN,2019,4,3.4
WISCONSIN,2019,5,3.55
WISCONSIN,2019,6,3.51
WISCONSIN,2019,7,3.07
WISCONSIN,2019,8,3.03
WISCONSIN,2019,9,3.07
WISCONSIN,2019,10,3.57
WISCONSIN,2019,11,3.45
WISCONSIN,2019,12,2.87
WISCONSIN,2018,1,3.13
WISCONSIN,2018,2,3.06
WISCONSIN,2018,3,3.31
WISCONSIN,2018,4,3.24
WISCONSIN,2018,5,3.2
WISCONSIN,2018,6,3.28
WISCONSIN,2018,7,2.61
WISCONSIN,2018,8,2.6
WISCONSIN,2018,9,2.64
WISCONSIN,2018,10,2.74
WISCONSIN,2018,11,3.09
WISCONSIN,2018,12,3.27
WISCONSIN,2017,1,2.54
WISCONSIN,2017,2,2.64
WISCONSIN,2017,3,2.43
WISCONSIN,2017,4,2.55
WISCONSIN,2017,5,2.57
WISCONSIN,2017,6,2.97
WISCONSIN,2017,7,2.57
WISCONSIN,2017,8,2.34
WISCONSIN,2017,9,2.6
WISCONSIN,2017,10,2.88
WISCONSIN,2017,11,2.99
WISCONSIN,2017,12,2.59
WISCONSIN,2016,1,1.48
WISCONSIN,2016,2,1.67
WISCONSIN,2016,3,1.62
WISCONSIN,2016,4,1.65
WISCONSIN,2016,5,1.64
WISCONSIN,2016,6,1.66
WISCONSIN,2016,7,1.69
WISCONSIN,2016,8,1.47
WISCONSIN,2016,9,1.37
WISCONSIN,2016,10,1.68
WISCONSIN,2016,11,1.85
WISCONSIN,2016,12,1.92
WISCONSIN,2015,1,3.3
WISCONSIN,2015,2,3.58
WISCONSIN,2015,3,3.29
WISCONSIN,2015,4,3.03
WISCONSIN,2015,5,2.93
WISCONSIN,2015,6,2.82
WISCONSIN,2015,7,2.22
WISCONSIN,2015,8,1.79
WISCONSIN,2015,9,1.91
WISCONSIN,2015,10,1.82
WISCONSIN,2015,11,1.89
WISCONSIN,2015,12,1.9
WISCONSIN,2014,1,4.0
WISCONSIN,2014,2,4.61
WISCONSIN,2014,3,4.61
WISCONSIN,2014,4,4.72
WISCONSIN,2014,5,4.52
WISCONSIN,2014,6,4.52
WISCONSIN,2014,7,4.01
WISCONSIN,2014,8,3.47
WISCONSIN,2014,9,3.61
WISCONSIN,2014,10,3.59
WISCONSIN,2014,11,3.86
WISCONSIN,2014,12,3.23
WISCONSIN,2013,1,4.07
WISCONSIN,2013,2,4.33
WISCONSIN,2013,3,4.59
WISCONSIN,2013,4,4.33
WISCONSIN,2013,5,4.39
WISCONSIN,2013,6,4.23
WISCONSIN,2013,7,4.16
WISCONSIN,2013,8,3.87
WISCONSIN,2013,9,3.89
WISCONSIN,2013,10,4.05
WISCONSIN,2013,11,4.2
WISCONSIN,2013,12,4.19
WISCONSIN,2012,1,3.27
WISCONSIN,2012,2,3.6
WISCONSIN,2012,3,3.67
WISCONSIN,2012,4,3.76
WISCONSIN,2012,5,3.79
WISCONSIN,2012,6,3.59
WISCONSIN,2012,7,3.59
WISCONSIN,2012,8,3.69
WISCONSIN,2012,9,3.8
WISCONSIN,2012,10,4.11
WISCONSIN,2012,11,4.13
WISCONSIN,2012,12,3.99
WISCONSIN,2011,1,2.69
WISCONSIN,2011,2,3.12
WISCONSIN,2011,3,3.19
WISCONSIN,2011,4,3.6
WISCONSIN,2011,5,3.35
WISCONSIN,2011,6,3.33
WISCONSIN,2011,7,3.35
WISCONSIN,2011,8,3.12
WISCONSIN,2011,9,3.58
WISCONSIN,2011,10,3.53
WISCONSIN,2011,11,3.9
WISCONSIN,2011,12,3.9
WISCONSIN,2010,1,2.04
WISCONSIN,2010,2,2.17
WISCONSIN,2010,3,2.0
WISCONSIN,2010,4,2.08
WISCONSIN,2010,5,2.13
WISCONSIN,2010,6,2.06
WISCONSIN,2010,7,1.84
WISCONSIN,2010,8,1.87
WISCONSIN,2010,9,1.96
WISCONSIN,2010,10,3.01
WISCONSIN,2010,11,2.73
WISCONSIN,2010,12,3.12
WISCONSIN,2009,1,2.76
WISCONSIN,2009,2,2.69
WISCONSIN,2009,3,2.25
WISCONSIN,2009,4,2.21
WISCONSIN,2009,5,2.09
WISCONSIN,2009,6,2.04
WISCONSIN,2009,7,1.93
WISCONSIN,2009,8,1.7
WISCONSIN,2009,9,1.78
WISCONSIN,2009,10,1.95
WISCONSIN,2009,11,1.79
WISCONSIN,2009,12,2.01
WISCONSIN,2008,1,2.92
WISCONSIN,2008,2,3.03
WISCONSIN,2008,3,3.72
WISCONSIN,2008,4,3.56
WISCONSIN,2008,5,3.67
WISCONSIN,2008,6,3.82
WISCONSIN,2008,7,3.57
WISCONSIN,2008,8,3.05
WISCONSIN,2008,9,3.08
WISCONSIN,2008,10,2.85
WISCONSIN,2008,11,2.61
WISCONSIN,2008,12,2.6
WISCONSIN,2007,1,1.92
WISCONSIN,2007,2,1.97
WISCONSIN,2007,3,2.2
WISCONSIN,2007,4,2.25
WISCONSIN,2007,5,2.23
WISCONSIN,2007,6,2.25
WISCONSIN,2007,7,2.19
WISCONSIN,2007,8,2.2
WISCONSIN,2007,9,2.47
WISCONSIN,2007,10,2.46
WISCONSIN,2007,11,2.5
WISCONSIN,2007,12,2.81
WISCONSIN,2006,1,1.71
WISCONSIN,2006,2,1.72
WISCONSIN,2006,3,1.71
WISCONSIN,2006,4,1.69
WISCONSIN,2006,5,1.71
WISCONSIN,2006,6,1.69
WISCONSIN,2006,7,1.58
WISCONSIN,2006,8,1.57
WISCONSIN,2006,9,1.64
WISCONSIN,2006,10,1.82
WISCONSIN,2006,11,1.95
WISCONSIN,2006,12,1.75
WISCONSIN,2005,1,1.54
WISCONSIN,2005,2,1.72
WISCONSIN,2005,3,1.67
WISCONSIN,2005,4,1.72
WISCONSIN,2005,5,1.81
WISCONSIN,2005,6,1.66
WISCONSIN,2005,7,1.61
WISCONSIN,2005,8,1.48
WISCONSIN,2005,9,1.53
WISCONSIN,2005,10,1.42
WISCONSIN,2005,11,1.56
WISCONSIN,2005,12,1.69
WISCONSIN,2004,1,1.64
WISCONSIN,2004,2,1.64
WISCONSIN,2004,3,1.68
WISCONSIN,2004,4,1.75
WISCONSIN,2004,5,1.68
WISCONSIN,2004,6,1.7
WISCONSIN,2004,7,1.53
WISCONSIN,2004,8,1.37
WISCONSIN,2004,9,1.43
WISCONSIN,2004,10,1.47
WISCONSIN,2004,11,1.57
WISCONSIN,2004,12,1.52
WISCONSIN,2003,1,1.78
WISCONSIN,2003,2,1.77
WISCONSIN,2003,3,1.83
WISCONSIN,2003,4,1.9
WISCONSIN,2003,5,1.88
WISCONSIN,2003,6,1.71
WISCONSIN,2003,7,1.44
WISCONSIN,2003,8,1.31
WISCONSIN,2003,9,1.35
WISCONSIN,2003,10,1.37
WISCONSIN,2003,11,1.45
WISCONSIN,2003,12,1.46
WISCONSIN,2002,1,1.74
WISCONSIN,2002,2,1.79
WISCONSIN,2002,3,1.86
WISCONSIN,2002,4,1.82
WISCONSIN,2002,5,1.75
WISCONSIN,2002,6,1.78
WISCONSIN,2002,7,1.67
WISCONSIN,2002,8,1.58
WISCONSIN,2002,9,1.82
WISCONSIN,2002,10,1.62
WISCONSIN,2002,11,1.61
WISCONSIN,2002,12,1.76
WISCONSIN,2001,1,1.11
WISCONSIN,2001,2,1.13
WISCONSIN,2001,3,1.08
WISCONSIN,2001,4,1.2
WISCONSIN,2001,5,1.14
WISCONSIN,2001,6,1.16
WISCONSIN,2001,7,1.22
WISCONSIN,2001,8,1.19
WISCONSIN,2001,9,1.19
WISCONSIN,2001,10,1.27
WISCONSIN,2001,11,1.47
WISCONSIN,2001,12,1.62
WISCONSIN,2000,1,1.07
WISCONSIN,2000,2,1.11
WISCONSIN,2000,3,1.12
WISCONSIN,2000,4,1.12
WISCONSIN,2000,5,1.1
WISCONSIN,2000,6,1.17
WISCONSIN,2000,7,0.94
WISCONSIN,2000,8,0.88
WISCONSIN,2000,9,0.84
WISCONSIN,2000,10,0.95
WISCONSIN,2000,11,1.15
WISCONSIN,2000,12,0.94
